<?xml version="1.0" encoding="UTF-8" standalone="yes"?>
<manifest>
  <control namespace="CanvizPCF" constructor="PCFCopyTextComponent" version="0.0.1" display-name-key="PCFCopyTextComponent" description-key="This component includes a textbox witha  button next to it.  When you click the button it copies the contents of the textbox to the clipboard." control-type="standard" api-version="1.2.1">
    <property name="value" display-name-key="value_Display_Key" description-key="value_Desc_Key" of-type="SingleLine.Text" usage="bound" required="true" default-value=" "/>
    <resources>
      <code path="bundle.js" order="1"/>
      <css path="css/PCFCopyTextComponent.css" order="1"/>
      <resx path="strings/PCFCopyTextComponent.1033.resx" version="1.0.0"/>
    </resources>
    <built-by name="pac" version="1.1.6"/>
  </control>
</manifest>