<?xml version="1.0" encoding="UTF-8" standalone="yes"?>
<manifest>
  <control namespace="CanvizLLCPCF" constructor="PCFCopyTextComponent" version="1.0.19" display-name-key="PCFCopyTextComponent" description-key="This component includes a textbox with a button next to it.  When you click the button it copies the contents of the textbox to the clipboard." control-type="standard" api-version="1.2.1">
    <type-group name="strings">
      <type>SingleLine.Text</type>
      <type>Multiple</type>
    </type-group>
    <property name="Value" display-name-key="Value_Display_Key" description-key="Value_Desc_Key" of-type="SingleLine.Text" usage="bound" required="false" default-value=""/>
    <property name="MultiLine" display-name-key="MultiLine_Display_Key" description-key="MultiLine_Desc_Key" of-type="TwoOptions" usage="input" required="true" default-value="false"/>
    <property name="ReadOnly" display-name-key="ReadOnly_Display_Key" description-key="ReadOnly_Desc_Key" of-type="TwoOptions" usage="input" required="true" default-value="false"/>
    <property name="MaxLength" display-name-key="MaxLength_Display_Key" description-key="MaxLength_Desc_Key" of-type="Whole.None" usage="input" required="false" default-value="255"/>
    <resources>
      <code path="bundle.js" order="1"/>
      <css path="css/PCFCopyTextComponent.css" order="1"/>
      <resx path="strings/PCFCopyTextComponent.1033.resx" version="1.0.0"/>
    </resources>
    <built-by name="pac" version="1.1.6"/>
  </control>
</manifest>